Title,Price,Rating
"Samsung 14"" Galaxy Chromebook Go Laptop PC Computer, Intel Celeron N4500 Processor, 4GB RAM, 64GB Storage, ChromeOS, XE340XDA-KA2US, Student Laptop, Silver",N/A,N/A
"Lenovo Business Laptop with Copilot AI • 2026 Edition • Intel 13th Gen i5-13420H • 16GB DDR5 • 512GB SSD • 16"" FHD+ • Microsoft 365 • WiFi 6 • Windows 11",N/A,N/A
"Acer Aspire Go 15 AI Ready Laptop | 15.6"" FHD IPS Display | AMD Ryzen 3 7320U | AMD Radeon 610M Graphics | 8GB LPDDR5 | 128GB PCIe SSD | Wi-Fi 6 | Windows 11 Home in S Mode | AG15-21P-R5YG",N/A,N/A
"HP 15.6"" FHD Laptop 2026 Edition with Copilot AI, 8GB RAM, 256GB SSD, Intel Processor, Long Battery Life, Lightweight 3.64 lbs, Microsoft 365, Windows 11 for Students & Office",N/A,N/A
HP New 17.3 Inch Business Laptop Computer • 2026 Edition • Latest AMD Ryzen 5 CPU • 16GB RAM - 512GB SSD • Long Battery Life • Large Screen • Windows 11 with Office 365 for The Web,N/A,N/A
"15.6 Inch Laptop with AI, Office 365, 12GB RAM 256GB SSD, Quad-Core Processor, Win 11 Home Laptops Computer, IPS FHD, 180°Viewing, Type-C, WiFi 5, BT4.2, Portable Thin Business Student Laptops",N/A,N/A
"Amzboy 15.6 Inch Laptop, N4020 Processor, 4GB RAM 128GB eMMC Expandable 1TB, Windows 11, 1920 * 1080p LCD, WiFi 5, Full-Featured USB-C, Thin and Light Notebook Computer for Students, Home and Office",N/A,N/A
"Acer Nitro V 16S AI Gaming Laptop | AMD Ryzen 7 260 Processor | NVIDIA GeForce RTX 5060 Laptop GPU (572 AI Tops) | 16"" WUXGA IPS 180Hz Display | 32GB DDR5 | 1TB Gen 4 SSD | Wi-Fi 6 | ANV16S-41-R2AJ",N/A,N/A
"MALLRACE Gaming Laptop,16GB RAM 512GB SSD Laptop Computer with Numeric KB,AMD Ryzen 7 7730U (Beat Intel i7-1255,up to 4.5GHz), Radeon RX Vega 8 Graphics,16inch FHD Display AMD Laptop,Type_C,WiFi 6",N/A,N/A
"2026 Windows 11 Pro Traditional Laptop Computer, 16GB RAM 256GB SSD for Business Office Student School College, 15.6"" FHD IPS Display, Lightweight Portable with Office 365, 4H Battery, 3.5 lbs",N/A,N/A
